Neighborhood,Id,Total:,Margin of Error; Total:,below poverty level:,Margin of Error; Income in the past 12 months below poverty level:,Estimate; Income in the past 12 months below poverty level: - In family households:,Margin of Error; Income in the past 12 months below poverty level: - In family households:,Estimate; Income in the past 12 months below poverty level: - In family households: - In married couple families:,Margin of Error; Income in the past 12 months below poverty level: - In family households: - In married couple families:,Estimate; Income in the past 12 months below poverty level: - In family households: - In married couple families: - All relatives,Margin of Error; Income in the past 12 months below poverty level: - In family households: - In married couple families: - All relatives,Estimate; Income in the past 12 months below poverty level: - In family households: - In married couple families: - Non-relatives,Margin of Error; Income in the past 12 months below poverty level: - In family households: - In married couple families: - Non-relatives,Estimate; Income in the past 12 months below poverty level: - In family households: - In other families:,Margin of Error; Income in the past 12 months below poverty level: - In family households: - In other families:,"Estimate; Income in the past 12 months below poverty level: - In family households: - In other families: - Male householder, no wife present:","Margin of Error; Income in the past 12 months below poverty level: - In family households: - In other families: - Male householder, no wife present:","Estimate; Income in the past 12 months below poverty level: - In family households: - In other families: - Male householder, no wife present: - All relatives","Margin of Error; Income in the past 12 months below poverty level: - In family households: - In other families: - Male householder, no wife present: - All relatives","Estimate; Income in the past 12 months below poverty level: - In family households: - In other families: - Male householder, no wife present: - Non-relatives","Margin of Error; Income in the past 12 months below poverty level: - In family households: - In other families: - Male householder, no wife present: - Non-relatives","Estimate; Income in the past 12 months below poverty level: - In family households: - In other families: - Female householder, no husband present:","Margin of Error; Income in the past 12 months below poverty level: - In family households: - In other families: - Female householder, no husband present:","Estimate; Income in the past 12 months below poverty level: - In family households: - In other families: - Female householder, no husband present: - All relatives","Margin of Error; Income in the past 12 months below poverty level: - In family households: - In other families: - Female householder, no husband present: - All relatives","Estimate; Income in the past 12 months below poverty level: - In family households: - In other families: - Female householder, no husband present: - Non-relatives","Margin of Error; Income in the past 12 months below poverty level: - In family households: - In other families: - Female householder, no husband present: - Non-relatives",Estimate; Income in the past 12 months below poverty level: - In non-family households and other living arrangement:,Margin of Error; Income in the past 12 months below poverty level: - In non-family households and other living arrangement:,Estimate; Income in the past 12 months below poverty level: - In non-family households and other living arrangement: - Householder:,Margin of Error; Income in the past 12 months below poverty level: - In non-family households and other living arrangement: - Householder:,Estimate; Income in the past 12 months below poverty level: - In non-family households and other living arrangement: - Householder: - Living alone,Margin of Error; Income in the past 12 months below poverty level: - In non-family households and other living arrangement: - Householder: - Living alone,Estimate; Income in the past 12 months below poverty level: - In non-family households and other living arrangement: - Householder: - Not living alone,Margin of Error; Income in the past 12 months below poverty level: - In non-family households and other living arrangement: - Householder: - Not living alone,Estimate; Income in the past 12 months below poverty level: - In non-family households and other living arrangement: - Other living arrangement,Margin of Error; Income in the past 12 months below poverty level: - In non-family households and other living arrangement: - Other living arrangement,Estimate; Income in the past 12 months at or above poverty level:,Margin of Error; Income in the past 12 months at or above poverty level:,Estimate; Income in the past 12 months at or above poverty level: - In family households:,Margin of Error; Income in the past 12 months at or above poverty level: - In family households:,Estimate; Income in the past 12 months at or above poverty level: - In family households: - In married couple families:,Margin of Error; Income in the past 12 months at or above poverty level: - In family households: - In married couple families:,Estimate; Income in the past 12 months at or above poverty level: - In family households: - In married couple families: - All relatives,Margin of Error; Income in the past 12 months at or above poverty level: - In family households: - In married couple families: - All relatives,Estimate; Income in the past 12 months at or above poverty level: - In family households: - In married couple families: - Non-relatives,Margin of Error; Income in the past 12 months at or above poverty level: - In family households: - In married couple families: - Non-relatives,Estimate; Income in the past 12 months at or above poverty level: - In family households: - In other families:,Margin of Error; Income in the past 12 months at or above poverty level: - In family households: - In other families:,"Estimate; Income in the past 12 months at or above poverty level: - In family households: - In other families: - Male householder, no wife present:","Margin of Error; Income in the past 12 months at or above poverty level: - In family households: - In other families: - Male householder, no wife present:","Estimate; Income in the past 12 months at or above poverty level: - In family households: - In other families: - Male householder, no wife present: - All relatives","Margin of Error; Income in the past 12 months at or above poverty level: - In family households: - In other families: - Male householder, no wife present: - All relatives","Estimate; Income in the past 12 months at or above poverty level: - In family households: - In other families: - Male householder, no wife present: - Non-relatives","Margin of Error; Income in the past 12 months at or above poverty level: - In family households: - In other families: - Male householder, no wife present: - Non-relatives","Estimate; Income in the past 12 months at or above poverty level: - In family households: - In other families: - Female householder, no husband present:","Margin of Error; Income in the past 12 months at or above poverty level: - In family households: - In other families: - Female householder, no husband present:","Estimate; Income in the past 12 months at or above poverty level: - In family households: - In other families: - Female householder, no husband present: - All relatives","Margin of Error; Income in the past 12 months at or above poverty level: - In family households: - In other families: - Female householder, no husband present: - All relatives","Estimate; Income in the past 12 months at or above poverty level: - In family households: - In other families: - Female householder, no husband present: - Non-relatives","Margin of Error; Income in the past 12 months at or above poverty level: - In family households: - In other families: - Female householder, no husband present: - Non-relatives",Estimate; Income in the past 12 months at or above poverty level: - In non-family households and other living arrangement:,Margin of Error; Income in the past 12 months at or above poverty level: - In non-family households and other living arrangement:,Estimate; Income in the past 12 months at or above poverty level: - In non-family households and other living arrangement: - Householder:,Margin of Error; Income in the past 12 months at or above poverty level: - In non-family households and other living arrangement: - Householder:,Estimate; Income in the past 12 months at or above poverty level: - In non-family households and other living arrangement: - Householder: - Living alone,Margin of Error; Income in the past 12 months at or above poverty level: - In non-family households and other living arrangement: - Householder: - Living alone,Estimate; Income in the past 12 months at or above poverty level: - In non-family households and other living arrangement: - Householder: - Not living alone,Margin of Error; Income in the past 12 months at or above poverty level: - In non-family households and other living arrangement: - Householder: - Not living alone,Estimate; Income in the past 12 months at or above poverty level: - In non-family households and other living arrangement: - Other living arrangement,Margin of Error; Income in the past 12 months at or above poverty level: - In non-family households and other living arrangement: - Other living arrangement
Allegheny Center,1,1130,184,516,195,290,202,163,195,163,195,0,10,127,80,0,10,0,10,0,10,127,80,121,74,6,10,226,83,205,82,182,84,23,20,21,16,614,138,143,76,143,76,143,76,0,10,0,10,0,10,0,10,0,10,0,10,0,10,0,10,471,113,375,85,309,80,66,38,96,57
Allegheny West,2,331,104,45,26,0,10,0,10,0,10,0,10,0,10,0,10,0,10,0,10,0,10,0,10,0,10,45,26,0,10,0,10,0,10,45,26,286,102,199,101,186,99,179,94,7,11,13,19,13,19,13,19,0,10,0,10,0,10,0,10,87,40,79,36,66,34,13,13,8,11
Allentown,3,2624.0,499.013025882,750.0,397.315995148,490.0,400.251171141,0.0,17.3205080757,0.0,17.3205080757,0.0,17.3205080757,490.0,400.251171141,0.0,17.3205080757,0.0,17.3205080757,0.0,17.3205080757,490.0,400.251171141,449.0,379.565541113,41.0,64.5677938295,260.0,120.158229015,171.0,72.5947656515,171.0,72.5947656515,0.0,17.3205080757,89.0,102.805641869,1874.0,360.256852814,1480.0,344.164204995,544.0,220.556115308,544.0,220.556115308,0.0,17.3205080757,936.0,357.38634557,71.0,66.8206554891,71.0,66.8206554891,0.0,17.3205080757,865.0,355.967695164,865.0,355.967695164,0.0,17.3205080757,394.0,136.638208419,328.0,105.87728746,274.0,98.2089608946,54.0,54.083269132,66.0,56.9649014745
Arlington,4,1890.0,367.887210977,343.0,160.626896876,279.0,158.77657258,97.0,96.0468635615,83.0,97.0360757657,14.0,23.6854385646,182.0,126.692541217,113.0,113.181270535,103.0,101.365674664,10.0,20.6155281281,69.0,60.5557594288,22.0,35.902646142,47.0,37.2827037647,64.0,30.6757233004,43.0,25.3771550809,33.0,24.7588368063,10.0,15.779733838,21.0,19.6977156036,1547.0,319.771793628,1113.0,283.361959338,724.0,262.288009638,712.0,261.652441227,12.0,22.8910462845,389.0,164.073154416,17.0,25.3179778023,17.0,25.3179778023,0.0,17.3205080757,372.0,167.020956769,372.0,167.020956769,0.0,17.3205080757,434.0,172.56592943,230.0,71.6798437498,125.0,51.8555686499,105.0,49.6084670192,204.0,117.635028797
Arlington Heights,5,380,196,278,198,257,196,0,10,0,10,0,10,257,196,0,10,0,10,0,10,257,196,257,196,0,10,21,18,21,18,21,18,0,10,0,10,102,75,55,79,0,10,0,10,0,10,55,79,0,10,0,10,0,10,55,79,49,79,6,9,47,38,47,38,47,38,0,10,0,10
Banksville,6,3944.0,494.205422876,252.0,175.83515007,178.0,166.979040601,118.0,152.983659258,118.0,152.983659258,0.0,20.0,60.0,66.7083203206,0.0,20.0,0.0,20.0,0.0,20.0,60.0,66.7083203206,27.0,46.357307946,33.0,51.9711458407,74.0,57.183913822,33.0,39.3954312072,33.0,39.3954312072,0.0,20.0,41.0,44.1701256507,3692.0,453.208561261,2474.0,436.585615887,1954.0,391.537993048,1954.0,391.537993048,0.0,20.0,520.0,288.63991408,69.0,79.6743371482,69.0,79.6743371482,0.0,20.0,451.0,277.209307203,379.0,225.772008894,72.0,105.432442825,1218.0,260.618495122,1057.0,228.155648627,891.0,231.775753693,166.0,80.9506022214,161.0,90.4930936592
Bedford Dwellings,7,1169,169,815,196,566,201,113,133,113,133,0,10,453,153,48,50,48,50,0,10,405,142,405,142,0,10,249,77,234,74,211,75,23,20,15,18,354,102,197,97,33,27,33,27,0,10,164,92,28,45,28,45,0,10,136,91,136,91,0,10,157,60,152,59,152,59,0,10,5,8
Beechview,8,8081.0,751.370081917,1473.0,435.62139525,1146.0,428.893926281,392.0,319.713934636,384.0,319.606007453,8.0,32.6955654485,754.0,283.070662555,151.0,139.556440196,21.0,45.3431361951,130.0,136.853936736,603.0,259.2103393,570.0,251.489562407,33.0,47.4341649025,327.0,103.329569824,244.0,94.445751625,202.0,89.7942091673,42.0,39.0128184063,83.0,47.0531614241,6608.0,665.841572748,5130.0,648.224498149,3250.0,540.471090809,3250.0,540.471090809,0.0,31.6227766016,1880.0,416.595727294,636.0,255.050975297,569.0,232.548919585,67.0,52.3545604508,1244.0,349.46530586,1137.0,323.715924848,107.0,67.5869809947,1478.0,266.951306422,1243.0,207.985576423,994.0,180.244278689,249.0,111.897274319,235.0,109.799817851
Beltzhoover,9,1885.0,337.761750351,554.0,210.964451982,323.0,191.319105162,0.0,20.0,0.0,20.0,0.0,20.0,323.0,191.319105162,44.0,69.2026011072,44.0,69.2026011072,0.0,20.0,279.0,178.446070284,261.0,172.017440976,18.0,26.1151297144,231.0,128.537932144,205.0,109.384642432,166.0,99.5640497368,39.0,46.4973117503,26.0,42.6731765867,1331.0,298.06375157,1122.0,303.000000001,593.0,262.895416468,593.0,262.895416468,0.0,20.0,529.0,190.378570222,206.0,170.358445638,186.0,166.496246204,20.0,30.4138126515,323.0,157.990506044,323.0,157.990506044,0.0,20.0,209.0,74.0405294416,188.0,67.6091709755,184.0,67.6091709755,4.0,19.5192212959,21.0,29.8663690461
Bloomfield,10,8702.0,527.9374963,1760.0,316.794886322,392.0,189.88154202,175.0,134.62169216,175.0,134.62169216,0.0,31.6227766016,217.0,136.055135881,57.0,60.1082357085,33.0,48.4148737476,24.0,47.6340214552,160.0,126.087271364,155.0,125.801430835,5.0,31.3209195267,1368.0,254.068888296,733.0,135.476935306,439.0,103.831594421,294.0,87.6299035719,635.0,179.371123652,6942.0,502.075691504,3321.0,425.339864109,2229.0,324.444140032,2229.0,324.444140032,0.0,31.6227766016,1092.0,304.060849174,473.0,226.25649162,401.0,197.273921236,72.0,54.9363267793,619.0,200.372153754,601.0,195.719186591,18.0,31.0161248385,3621.0,347.547119109,2592.0,212.497058803,1826.0,190.908354977,766.0,142.355189579,1029.0,211.135027886
Bluff,11,630.0,136.370817993,215.0,111.180034179,11.0,24.269322199,0.0,20.0,0.0,20.0,0.0,20.0,11.0,24.269322199,11.0,24.269322199,11.0,24.269322199,0.0,20.0,0.0,20.0,0.0,20.0,0.0,20.0,204.0,109.206226929,79.0,38.1051177665,47.0,30.4138126515,32.0,28.5832118559,125.0,95.7340064972,415.0,110.204355631,187.0,70.8307842679,144.0,61.7818743646,144.0,61.7818743646,0.0,20.0,43.0,41.7612260356,38.0,38.1575680566,38.0,38.1575680566,0.0,20.0,5.0,23.579652245,5.0,23.579652245,0.0,20.0,228.0,92.6606712689,122.0,62.0080639917,95.0,55.9016994375,27.0,29.7489495612,106.0,65.9545297914
Bon Air,12,832,175,140,167,133,167,0,10,0,10,0,10,133,167,0,10,0,10,0,10,133,167,133,167,0,10,7,10,0,10,0,10,0,10,7,10,692,143,571,159,558,158,558,158,0,10,13,23,0,10,0,10,0,10,13,23,13,23,0,10,121,68,106,60,89,55,17,18,15,16
Brighton Heights,13,7249.0,524.816158287,945.0,307.276748225,613.0,289.780951754,157.0,119.394304721,148.0,118.852850197,9.0,28.2134719593,456.0,258.922768407,174.0,133.052621169,91.0,111.82575732,83.0,76.7984374841,282.0,224.247630979,269.0,216.349254678,13.0,35.721142199,332.0,106.929883568,253.0,82.4075239283,209.0,78.4792966329,44.0,37.7491721764,79.0,51.4587213211,6304.0,472.473279668,4951.0,495.030302103,3462.0,430.376579288,3443.0,428.759839537,19.0,38.7298334621,1489.0,331.752920107,410.0,202.188031299,400.0,199.238550487,10.0,28.7228132327,1079.0,303.720266034,1061.0,301.978476055,18.0,25.7099202643,1353.0,224.908870435,1102.0,174.991428362,920.0,162.640708312,182.0,70.9929573972,251.0,95.801878896
Brookline,14,13191.0,916.330180666,1361.0,342.595971955,972.0,318.667538353,421.0,243.803199323,368.0,240.17285442,53.0,62.6976873578,551.0,216.986174675,138.0,105.214067501,113.0,100.905896755,25.0,48.8671668915,413.0,190.473095214,380.0,185.655595122,33.0,46.0651712251,389.0,137.586336532,257.0,88.062477821,217.0,81.9756061275,40.0,49.3153120237,132.0,106.808239384,11830.0,906.922819207,9237.0,935.708822231,6677.0,850.633881292,6663.0,849.348573909,14.0,41.9642705168,2560.0,528.233849729,723.0,331.89757456,648.0,292.333713417,75.0,74.0472821917,1837.0,440.662001992,1793.0,430.520615068,44.0,57.9482527778,2593.0,324.9738451,2258.0,280.023213324,1910.0,261.317814165,348.0,138.224455144,335.0,113.635381814
California-Kirkbride,15,786,206,305,120,223,118,9,14,9,14,0,10,214,117,0,10,0,10,0,10,214,117,205,114,9,13,82,36,64,32,53,27,11,14,18,14,481,198,394,201,104,78,104,78,0,10,290,189,0,10,0,10,0,10,290,189,262,189,28,35,87,45,62,26,48,22,14,18,25,26
Carrick,16,10045.0,789.566969928,1993.0,499.746935959,1475.0,483.259764516,361.0,226.453085649,323.0,221.747604271,38.0,58.3866423079,1114.0,441.736346704,92.0,82.8854631404,33.0,60.827625303,59.0,66.8580586018,1022.0,437.605987162,954.0,429.220223196,68.0,57.5412895231,518.0,146.724231128,377.0,119.293755075,256.0,103.106740807,121.0,65.7419196556,141.0,71.1055553385,8052.0,674.788114892,6304.0,646.242214653,4307.0,568.571015793,4307.0,568.571015793,0.0,36.0555127546,1997.0,424.842323691,471.0,217.453443293,471.0,217.453443293,0.0,36.0555127546,1526.0,383.403182041,1436.0,359.537202525,90.0,63.9687423669,1748.0,292.14551169,1432.0,217.740671442,1161.0,188.719368375,271.0,121.922106281,316.0,131.015266287
Central Business District,17,2655.0,344.151129592,533.0,186.086001622,59.0,66.1286624694,29.0,47.5815090134,29.0,47.5815090134,0.0,24.4948974278,30.0,52.0480547187,0.0,24.4948974278,0.0,24.4948974278,0.0,24.4948974278,30.0,52.0480547187,30.0,52.0480547187,0.0,24.4948974278,474.0,184.420714672,261.0,85.6095789033,205.0,68.9057327079,56.0,53.962950253,213.0,128.066389034,2122.0,316.581742999,726.0,216.483255704,705.0,213.946254934,705.0,213.946254934,0.0,24.4948974278,21.0,39.0384425919,21.0,39.0384425919,21.0,39.0384425919,0.0,24.4948974278,0.0,24.4948974278,0.0,24.4948974278,0.0,24.4948974278,1396.0,262.009541811,1196.0,213.398687906,1040.0,206.434008826,156.0,85.9360227145,200.0,113.022121728
Central Lawrenceville,18,4356.0,362.133953117,664.0,195.417501776,306.0,159.367499824,134.0,112.876038201,134.0,112.876038201,0.0,24.4948974278,172.0,123.422040171,59.0,78.5429818635,51.0,78.2623792125,8.0,25.3771550809,113.0,94.3927963354,93.0,77.2851861614,20.0,39.8622628559,358.0,112.383272777,259.0,101.044544633,246.0,99.7496867163,13.0,26.3818119165,99.0,58.0,3692.0,337.081592497,2171.0,296.551850441,1616.0,287.471737741,1616.0,287.471737741,0.0,24.4948974278,555.0,171.040930774,92.0,61.0819122164,69.0,56.6656862661,23.0,40.6939798987,463.0,161.728166996,432.0,157.130518996,31.0,36.2077339805,1521.0,254.841126979,1063.0,151.555270446,650.0,120.120772558,413.0,108.871483869,458.0,136.180027905
Central Northside,19,2891.0,335.806491897,908.0,291.111662425,626.0,285.987761976,111.0,99.0151503559,79.0,87.155034278,32.0,51.0,515.0,274.774452961,21.0,33.1662479035,21.0,33.1662479035,0.0,17.3205080757,494.0,273.843020725,476.0,267.988805736,18.0,30.4795013083,282.0,85.4341851954,188.0,57.3061951275,183.0,55.9285258164,5.0,15.779733838,94.0,62.1610810717,1983.0,266.550182893,953.0,237.143416523,632.0,191.013088557,632.0,191.013088557,0.0,17.3205080757,321.0,173.372431488,109.0,152.072351202,109.0,152.072351202,0.0,17.3205080757,212.0,96.5246082613,199.0,92.9731143934,13.0,17.9164728672,1030.0,195.430294479,807.0,116.803253379,625.0,100.169855745,182.0,68.8331315574,223.0,112.569978236
Central Oakland,20,5064.0,562.983125858,3505.0,518.957609059,187.0,134.320512208,32.0,51.9615242271,20.0,34.0734500748,12.0,23.6854385646,155.0,125.487051125,48.0,79.2716847305,48.0,79.2716847305,0.0,17.3205080757,107.0,76.7202711152,88.0,59.5482997239,19.0,32.2645316098,3318.0,525.489295799,1056.0,148.388004906,302.0,94.847245611,754.0,135.151766544,2262.0,443.005643305,1559.0,261.961829281,495.0,179.613473882,271.0,92.8385695711,257.0,88.0795095354,14.0,26.1533936612,224.0,152.623720306,152.0,137.727992797,152.0,137.727992797,0.0,17.3205080757,72.0,68.0073525437,62.0,59.160797831,10.0,20.6155281281,1064.0,228.648201392,600.0,127.114121954,306.0,98.5241087247,294.0,94.1753683295,464.0,150.804509217
Chartiers City,21,414,136,62,46,39,43,0,10,0,10,0,10,39,43,0,10,0,10,0,10,39,43,39,43,0,10,23,22,23,22,23,22,0,10,0,10,352,141,281,139,257,133,257,133,0,10,24,33,19,32,19,32,0,10,5,8,5,8,0,10,71,58,71,58,71,58,0,10,0,10
Chateau,22,0,10,0,10,0,10,0,10,0,10,0,10,0,10,0,10,0,10,0,10,0,10,0,10,0,10,0,10,0,10,0,10,0,10,0,10,0,10,0,10,0,10,0,10,0,10,0,10,0,10,0,10,0,10,0,10,0,10,0,10,0,10,0,10,0,10,0,10,0,10
Crafton Heights,23,3732.0,320.224920954,804.0,229.07204107,556.0,226.883229879,23.0,30.4138126515,23.0,30.4138126515,0.0,20.0,533.0,225.166604984,11.0,18.6815416922,0.0,20.0,11.0,18.6815416922,522.0,224.797686822,522.0,224.797686822,0.0,20.0,248.0,85.5102333057,234.0,80.777472107,198.0,73.7088868455,36.0,35.8887168898,14.0,21.8403296679,2928.0,299.459513123,2268.0,292.549141171,1467.0,250.069990203,1467.0,250.069990203,0.0,20.0,801.0,272.047789919,185.0,128.988371568,173.0,117.766718558,12.0,23.5796522451,616.0,235.701081881,546.0,218.185700723,70.0,55.1815186453,660.0,138.614573548,456.0,83.671978583,327.0,73.3007503372,129.0,57.9050947673,204.0,79.7119815335
Crawford-Roberts,24,2146.0,349.051572121,930.0,279.508497187,531.0,251.563113353,91.0,149.335193441,91.0,149.335193441,0.0,14.1421356237,440.0,202.002475232,0.0,14.1421356237,0.0,14.1421356237,0.0,14.1421356237,440.0,202.002475232,440.0,202.002475232,0.0,14.1421356237,399.0,122.036879672,269.0,93.2308961665,250.0,89.627004859,19.0,21.2602916255,130.0,67.9779375974,1216.0,271.950363118,740.0,240.601330005,256.0,197.294196569,256.0,197.294196569,0.0,14.1421356237,484.0,201.526673173,62.0,73.8241153012,62.0,73.8241153012,0.0,14.1421356237,422.0,189.763010094,422.0,189.763010094,0.0,14.1421356237,476.0,135.532283977,448.0,132.003787824,424.0,130.598621739,24.0,24.8394846967,28.0,30.6757233004
Duquesne Heights,25,2555.0,357.617113684,405.0,242.923856383,229.0,221.794950348,178.0,213.243991709,144.0,166.760307028,34.0,49.0306026885,51.0,63.324560796,13.0,25.079872408,13.0,25.079872408,0.0,14.1421356237,38.0,59.8414572015,38.0,59.8414572015,0.0,14.1421356237,176.0,105.309068935,126.0,68.6221538572,93.0,53.0,33.0,43.0116263352,50.0,50.537115074,2150.0,281.469358901,1597.0,305.679570793,1206.0,277.800287977,1206.0,277.800287977,0.0,14.1421356237,391.0,194.982050456,113.0,103.812330674,104.0,98.7927122818,9.0,18.0277563773,278.0,175.316856006,266.0,174.427635425,12.0,19.7230829233,553.0,147.275252504,414.0,95.0,326.0,81.8352002503,88.0,58.5234995536,139.0,84.5340168216
East Allegheny,26,2230.0,286.735069358,773.0,230.221632346,379.0,184.054339802,0.0,14.1421356237,0.0,14.1421356237,0.0,14.1421356237,379.0,184.054339802,0.0,14.1421356237,0.0,14.1421356237,0.0,14.1421356237,379.0,184.054339802,361.0,184.054339802,18.0,26.9258240357,394.0,132.77424449,302.0,95.7705591505,235.0,82.0975030071,67.0,50.0099990002,92.0,60.0333240792,1457.0,263.827595221,760.0,228.177562438,473.0,185.407658957,473.0,185.407658957,0.0,14.1421356237,287.0,143.961800489,80.0,68.1542368456,80.0,68.1542368456,0.0,14.1421356237,207.0,129.077496102,193.0,128.316016148,14.0,24.1660919472,697.0,186.19613315,571.0,126.506916807,483.0,110.0,88.0,67.2681202354,126.0,90.68627239
East Carnegie,27,525,119,59,59,40,51,0,10,0,10,0,10,40,51,0,10,0,10,0,10,40,51,37,50,3,5,19,37,5,8,5,8,0,10,14,35,466,113,317,119,150,104,150,104,0,10,167,97,19,21,19,21,0,10,148,94,142,95,6,8,149,51,109,35,83,40,26,19,40,39
East Hills,28,2942.0,415.482851632,1484.0,368.245841796,1092.0,360.324853431,11.0,22.8910462845,0.0,17.3205080757,11.0,22.8910462845,1081.0,359.539983868,0.0,17.3205080757,0.0,17.3205080757,0.0,17.3205080757,1081.0,359.539983868,1066.0,357.793236381,15.0,25.3968501984,392.0,157.270467666,354.0,134.052228627,314.0,127.031492158,40.0,51.9326486904,38.0,49.1121166312,1458.0,352.732193031,1204.0,353.561875773,533.0,207.971151845,533.0,207.971151845,0.0,17.3205080757,671.0,296.455730253,114.0,95.0420959365,96.0,80.8331615118,18.0,24.4948974278,557.0,274.701656347,490.0,243.852414382,67.0,59.0931468108,254.0,90.9065454189,234.0,83.4745470189,217.0,80.4549563421,17.0,20.9761769634,20.0,24.1867732449
East Liberty,29,5353.0,538.056688463,1368.0,358.533122598,625.0,278.100701185,132.0,131.984847614,132.0,131.984847614,0.0,28.2842712474,493.0,254.358015403,150.0,176.985875143,150.0,176.985875143,0.0,28.2842712474,343.0,181.793839279,343.0,181.793839279,0.0,28.2842712474,743.0,212.807424682,523.0,137.655366767,396.0,107.396461766,127.0,88.0851860418,220.0,123.215258795,3985.0,466.594041968,2478.0,478.277116325,1228.0,372.515771478,1219.0,372.291552416,9.0,29.4788059459,1250.0,335.860089919,189.0,126.593838712,159.0,114.459599859,30.0,42.2610932182,1061.0,317.011040817,1045.0,309.308907082,16.0,37.8021163429,1507.0,227.154132695,1281.0,188.568290017,1099.0,179.150774489,182.0,77.0584193972,226.0,93.3755856741
Elliott,30,2452.0,358.699038192,668.0,222.499438201,509.0,216.157350095,74.0,80.255840909,74.0,80.255840909,0.0,17.3205080757,435.0,223.15017365,34.0,41.4849370254,34.0,41.4849370254,0.0,17.3205080757,401.0,217.8990592,379.0,217.818731976,22.0,25.3968501984,159.0,80.1186619958,140.0,74.7328575661,131.0,73.0821455624,9.0,19.8997487421,19.0,23.4946802489,1784.0,363.737542742,1494.0,368.262134898,1054.0,331.942766151,1042.0,328.843427789,12.0,23.6854385646,440.0,211.144500284,80.0,59.4978991226,74.0,52.8488410469,6.0,17.9164728672,360.0,206.40978659,332.0,201.40258191,28.0,41.8210473327,290.0,94.8314293892,264.0,88.4646822184,230.0,91.2249965744,34.0,27.0924343683,26.0,22.9128784748
Esplen,31,273,110,62,45,10,18,0,10,0,10,0,10,10,18,0,10,0,10,0,10,10,18,0,10,10,18,52,40,21,17,14,13,7,11,31,36,211,88,132,80,101,63,101,63,0,10,31,53,0,10,0,10,0,10,31,53,31,53,0,10,79,44,74,46,55,44,19,21,5,8
Fairywood,32,1208,261,285,155,139,127,76,92,76,92,0,10,63,96,0,10,0,10,0,10,63,96,42,64,21,32,146,74,17,21,3,7,14,21,129,73,923,216,457,199,279,167,279,167,0,10,178,115,91,84,91,84,0,10,87,79,84,79,3,5,466,160,246,73,70,42,176,70,220,98
Fineview,33,1313.0,271.311628944,381.0,143.055933117,264.0,139.053946366,60.0,90.5538513814,60.0,90.5538513814,0.0,14.1421356237,204.0,106.470653234,0.0,14.1421356237,0.0,14.1421356237,0.0,14.1421356237,204.0,106.470653234,204.0,106.470653234,0.0,14.1421356237,117.0,59.5399025864,114.0,59.5399025864,109.0,58.6685605755,5.0,12.8062484749,3.0,11.6619037897,932.0,270.174017996,758.0,275.138147119,516.0,260.685634434,516.0,260.685634434,0.0,14.1421356237,242.0,113.600176056,59.0,69.7208720542,59.0,69.7208720542,0.0,14.1421356237,183.0,89.627004859,183.0,89.627004859,0.0,14.1421356237,174.0,82.2921624458,140.0,56.4003546088,115.0,48.1040538832,25.0,30.5941170816,34.0,38.0788655293
Friendship,34,1751.0,260.415053328,339.0,142.898565423,128.0,101.019800039,89.0,84.528101836,89.0,84.528101836,0.0,14.1421356237,39.0,57.8705451849,0.0,14.1421356237,0.0,14.1421356237,0.0,14.1421356237,39.0,57.8705451849,39.0,57.8705451849,0.0,14.1421356237,211.0,102.786185842,159.0,93.680307429,138.0,89.2692556259,21.0,23.3452350599,52.0,38.6005181312,1412.0,260.317114305,724.0,267.029960866,518.0,251.079668631,518.0,251.079668631,0.0,14.1421356237,206.0,150.083310198,0.0,14.1421356237,0.0,14.1421356237,0.0,14.1421356237,206.0,150.083310198,158.0,137.905764927,48.0,72.6911273815,688.0,158.113883008,586.0,135.506457411,533.0,131.045793523,53.0,35.5105618091,102.0,62.7694193059
Garfield,35,3715.0,449.877761175,1417.0,304.785170243,1169.0,286.518760293,222.0,172.603592083,222.0,172.603592083,0.0,22.360679775,947.0,228.919199719,62.0,64.7302093308,62.0,64.7302093308,0.0,22.360679775,885.0,233.244506902,885.0,233.244506902,0.0,22.360679775,248.0,90.4820424173,177.0,57.7840808528,152.0,53.3760245803,25.0,25.0399680511,71.0,60.4483250388,2298.0,414.615484516,1825.0,417.255317521,832.0,309.44951123,832.0,309.44951123,0.0,22.360679775,993.0,309.814460604,352.0,262.589032521,295.0,214.730063103,57.0,56.8242905806,641.0,183.902147894,616.0,181.617730412,25.0,29.1204395571,473.0,107.191417567,403.0,85.7671265695,338.0,78.4283112148,65.0,45.1442133611,70.0,52.0096144958
Glen Hazel,36,487,200,213,130,157,126,32,49,32,49,0,10,125,115,0,10,0,10,0,10,125,115,125,115,0,10,56,34,37,27,37,27,0,10,19,20,274,163,161,148,0,10,0,10,0,10,161,148,0,10,0,10,0,10,161,148,161,148,0,10,113,67,95,55,81,51,14,21,18,24
Greenfield,37,7465.0,697.648908836,682.0,296.703555759,432.0,279.112880391,119.0,107.33126292,119.0,107.33126292,0.0,29.9999999999,313.0,256.906597813,119.0,167.406690428,119.0,167.406690428,0.0,29.9999999999,194.0,197.16997743,183.0,196.03316046,11.0,33.0000000001,250.0,103.807514179,163.0,84.6994687114,119.0,68.5127725318,44.0,57.4891294072,87.0,60.3241245274,6783.0,660.870637871,5202.0,679.920583597,4278.0,636.937987562,4250.0,633.09004099,28.0,50.6359556047,924.0,339.038345913,302.0,241.927675143,239.0,190.981674514,63.0,74.57211275,622.0,240.21448749,593.0,228.809964819,29.0,40.3112887415,1581.0,298.461052736,1245.0,211.804154822,968.0,196.537528223,277.0,114.46396813,336.0,163.682619725
Hays,38,360,97,106,72,95,71,43,36,43,36,0,10,52,63,0,10,0,10,0,10,52,63,42,48,10,16,11,10,11,10,11,10,0,10,0,10,254,85,197,88,50,54,50,54,0,10,147,81,37,31,35,30,2,5,110,74,89,57,21,28,57,33,57,33,57,33,0,10,0,10
Hazelwood,39,4300.0,651.708523804,1303.0,385.704550142,884.0,356.693145436,120.0,111.485425056,105.0,110.571244,15.0,34.292856399,764.0,338.431677004,143.0,127.597021909,143.0,127.597021909,0.0,26.4575131106,621.0,312.038459168,588.0,287.937493217,33.0,44.3734154647,419.0,161.009316501,360.0,128.965111561,287.0,114.721401666,73.0,67.84541252,59.0,60.3821165578,2997.0,564.521921629,2395.0,554.426730957,1678.0,508.337486322,1678.0,508.337486322,0.0,26.4575131106,717.0,271.363225217,198.0,125.785531759,198.0,125.785531759,0.0,26.4575131106,519.0,257.206143006,513.0,255.450582305,6.0,26.8514431642,602.0,150.522423579,503.0,114.341593482,428.0,99.7446740432,75.0,60.2079728939,99.0,64.7147587494
Highland Park,40,6900.0,892.693676464,889.0,338.236603578,557.0,322.82503001,240.0,177.442948578,233.0,176.977399687,7.0,29.9332590943,317.0,268.789880761,13.0,32.0,13.0,32.0,0.0,28.2842712474,304.0,268.372874932,304.0,268.372874932,0.0,28.2842712474,332.0,120.842873187,252.0,104.072090399,203.0,97.0669871789,49.0,48.1352261863,80.0,61.4247507118,6011.0,941.289009816,4526.0,980.284652538,3156.0,725.999999999,3156.0,725.999999999,0.0,28.2842712474,1370.0,711.243277649,513.0,495.161589787,491.0,491.086550417,22.0,36.0138862108,857.0,505.312774428,808.0,489.397588878,49.0,63.7651942678,1485.0,256.838470638,1222.0,212.365251395,989.0,200.38962049,233.0,94.6942448093,263.0,107.972218649
Homewood North,41,3221.0,430.363799593,1266.0,344.489477343,1107.0,345.437403881,77.0,81.1788149704,72.0,76.2430324686,5.0,21.5406592286,1030.0,335.653094727,130.0,151.934196282,130.0,151.934196282,0.0,22.360679775,900.0,321.79341199,895.0,321.502721606,5.0,21.5406592285,159.0,74.8999332443,152.0,73.437047871,147.0,73.1368580129,5.0,21.5406592285,7.0,22.360679775,1955.0,339.047194355,1651.0,339.05456788,871.0,298.392359151,871.0,298.392359151,0.0,22.360679775,780.0,240.858879845,62.0,56.9297813099,54.0,51.7397332811,8.0,23.3238075794,718.0,237.343632735,697.0,235.654407979,21.0,30.1662062581,304.0,89.9221885855,279.0,76.4525996941,257.0,74.4446102817,22.0,35.2278299076,25.0,36.6060104354
Homewood South,42,2354.0,324.23139885,956.0,235.573767641,580.0,218.433056107,37.0,43.6806593357,21.0,39.0384425919,16.0,31.3687742828,543.0,217.768225413,0.0,24.4948974278,0.0,24.4948974278,0.0,24.4948974278,543.0,217.768225413,512.0,215.953698742,31.0,39.7994974843,376.0,89.6548938987,330.0,84.9117188615,311.0,84.3208159354,19.0,26.3818119165,46.0,38.7943294825,1398.0,260.67028983,1092.0,253.956689221,398.0,145.955472662,391.0,145.506013621,7.0,24.4948974278,694.0,238.951878001,76.0,60.3903965875,71.0,57.3585215988,5.0,23.4307490277,618.0,234.539975271,618.0,234.539975271,0.0,24.4948974278,306.0,81.7435012707,293.0,81.3756720402,268.0,74.9266307798,25.0,39.8622628559,13.0,23.9374184071
Homewood West,43,812.0,187.106921304,164.0,81.6088230524,78.0,73.0068489938,0.0,14.1421356237,0.0,14.1421356237,0.0,14.1421356237,78.0,73.0068489938,0.0,14.1421356237,0.0,14.1421356237,0.0,14.1421356237,78.0,73.0068489938,78.0,73.0068489938,0.0,14.1421356237,86.0,42.0475920833,74.0,40.249223595,74.0,40.249223595,0.0,14.1421356237,12.0,14.8660687473,648.0,191.062816895,453.0,192.782260595,179.0,102.489023803,179.0,102.489023803,0.0,14.1421356237,274.0,162.754416223,11.0,19.7230829233,11.0,19.7230829233,0.0,14.1421356237,263.0,161.743624295,263.0,161.743624295,0.0,14.1421356237,195.0,72.422372234,185.0,69.89277502,177.0,69.3397432934,8.0,14.8660687473,10.0,10.8166538264
Knoxville,44,4162.0,739.18603883,1526.0,516.580100275,1368.0,520.212456598,169.0,163.278902495,169.0,163.278902495,0.0,24.4948974278,1199.0,503.288187821,0.0,24.4948974278,0.0,24.4948974278,0.0,24.4948974278,1199.0,503.288187821,1141.0,492.069100839,58.0,59.7913037155,158.0,101.498768465,141.0,102.484145115,141.0,102.484145115,0.0,24.4948974278,17.0,30.7896086366,2636.0,635.050391701,2258.0,625.311122562,1362.0,511.019569098,1362.0,511.019569098,0.0,24.4948974278,896.0,397.819054345,81.0,77.2916554357,81.0,77.2916554357,0.0,24.4948974278,815.0,391.862220685,642.0,330.525339422,173.0,115.152073364,378.0,125.658266739,356.0,116.318528188,321.0,112.066944279,35.0,38.9871773792,22.0,36.7831483154
Larimer,45,1504.0,299.714864496,595.0,156.74501587,441.0,144.672042911,25.0,39.9499687109,25.0,39.9499687109,0.0,20.0,416.0,140.477756247,0.0,20.0,0.0,20.0,0.0,20.0,416.0,140.477756247,414.0,140.477756247,2.0,17.5783958312,154.0,65.3146231712,122.0,52.516664022,122.0,52.516664022,0.0,20.0,32.0,39.9499687109,909.0,289.501295334,677.0,289.114164302,151.0,81.283454651,151.0,81.283454651,0.0,20.0,526.0,279.152288187,10.0,22.2710574513,10.0,22.2710574513,0.0,20.0,516.0,278.946231378,506.0,276.470613267,10.0,23.579652245,232.0,78.5111457055,212.0,72.2495674728,202.0,71.30217388,10.0,18.6815416922,20.0,33.0151480384
Lincoln Place,46,3465.0,504.19539863,293.0,183.155671493,239.0,180.396784894,89.0,85.7438044409,77.0,84.4274836768,12.0,26.9072480942,150.0,157.181423839,46.0,55.1452627159,46.0,55.1452627159,0.0,22.360679775,104.0,148.879145619,94.0,148.354305633,10.0,25.6124969497,54.0,37.5898922584,32.0,32.0156211872,26.0,31.2409987036,6.0,22.360679775,22.0,24.7588368063,3172.0,487.928273417,2702.0,494.046556511,2165.0,429.045452138,2143.0,426.028168083,22.0,31.2409987036,537.0,280.223125383,206.0,213.553272042,206.0,213.553272042,0.0,22.360679775,331.0,196.035711032,311.0,175.0,20.0,40.3112887415,470.0,102.970869667,440.0,90.0388804906,394.0,83.0120473184,46.0,36.4417343166,30.0,33.4664010614
Lincoln-Lemington-Belmar,47,4236.0,532.841439831,1127.0,336.200832837,708.0,278.357683566,67.0,74.0945342114,67.0,74.0945342114,0.0,24.4948974278,641.0,270.281334908,53.0,71.533209071,53.0,71.533209071,0.0,24.4948974278,588.0,265.493879401,579.0,264.367168914,9.0,27.4954541697,419.0,195.381677749,291.0,93.8562730988,276.0,89.4035793467,15.0,39.0384425919,128.0,167.002993985,3109.0,519.099219803,2419.0,513.109150182,855.0,255.771382292,855.0,255.771382292,0.0,24.4948974278,1564.0,466.778319976,398.0,196.903529679,378.0,194.70490492,20.0,39.862262856,1166.0,433.196260372,1141.0,429.862768799,25.0,35.2845575288,690.0,129.201393182,582.0,98.1274681218,515.0,88.1362581461,67.0,46.1519230369,108.0,56.0267793113
Lower Lawrenceville,48,2490.0,374.55573684,693.0,306.752343104,360.0,277.71388154,0.0,14.1421356237,0.0,14.1421356237,0.0,14.1421356237,360.0,277.71388154,0.0,14.1421356237,0.0,14.1421356237,0.0,14.1421356237,360.0,277.71388154,353.0,277.71388154,7.0,14.8660687473,333.0,142.17243052,211.0,77.1038261048,169.0,69.0289794217,42.0,35.3411940941,122.0,92.6552750792,1797.0,279.257945276,1025.0,263.205243109,594.0,220.118150092,594.0,220.118150092,0.0,14.1421356237,431.0,177.228665853,111.0,106.470653234,111.0,106.470653234,0.0,14.1421356237,320.0,138.6001443,268.0,126.035709226,52.0,51.9711458407,772.0,176.963273026,546.0,119.603511654,355.0,99.2471662064,191.0,72.0069441096,226.0,84.5990543682
Manchester,49,1838.0,265.096208951,399.0,131.590273197,208.0,119.970829788,0.0,14.1421356237,0.0,14.1421356237,0.0,14.1421356237,208.0,119.970829788,0.0,14.1421356237,0.0,14.1421356237,0.0,14.1421356237,208.0,119.970829788,208.0,119.970829788,0.0,14.1421356237,191.0,69.77105417,169.0,66.1286624695,156.0,64.5600495663,13.0,17.2046505341,22.0,21.4709105536,1439.0,270.815435306,948.0,257.497572804,663.0,236.915596785,663.0,236.915596785,0.0,14.1421356237,285.0,142.779550356,31.0,33.8378486314,31.0,33.8378486314,0.0,14.1421356237,254.0,140.872282582,254.0,140.872282582,0.0,14.1421356237,491.0,133.600149701,378.0,93.2308961665,290.0,80.1560977094,88.0,49.3963561409,113.0,60.9015599143
Marshall-Shadeland,50,4130.0,544.235243254,914.0,268.225651271,690.0,262.345192448,33.0,41.3400532172,33.0,41.3400532172,0.0,22.360679775,657.0,261.101512826,66.0,63.1664467894,47.0,52.9244744896,19.0,29.3598365118,591.0,254.901941931,579.0,254.31279952,12.0,28.2842712474,224.0,110.113577728,124.0,59.9666574023,99.0,55.3624421426,25.0,27.946377225,100.0,102.591422644,3216.0,564.2242462,2476.0,571.291519279,1426.0,467.15950167,1426.0,467.15950167,0.0,22.360679775,1050.0,381.777422067,158.0,114.821600756,124.0,87.8806008172,34.0,35.721142199,892.0,367.628888962,848.0,354.429118443,44.0,41.8330013267,740.0,175.03142575,603.0,141.481447547,455.0,119.603511655,148.0,91.8422560698,137.0,70.8166647054
Middle Hill,51,1675.0,282.225087474,545.0,161.338154198,287.0,144.111068277,0.0,17.3205080757,0.0,17.3205080757,0.0,17.3205080757,287.0,144.111068277,35.0,55.8211429478,22.0,36.823905279,13.0,24.4948974278,252.0,131.152582895,252.0,131.152582895,0.0,17.3205080757,258.0,80.479811133,231.0,73.7427962583,216.0,73.1095069057,15.0,17.5499287748,27.0,26.3248931622,1130.0,254.562369568,751.0,237.928560707,141.0,100.309520984,141.0,100.309520984,0.0,17.3205080757,610.0,225.204351645,83.0,68.6294397471,82.0,65.9545297914,1.0,15.3622914957,527.0,231.553449553,504.0,216.981566037,23.0,29.2745623366,379.0,125.127934531,312.0,87.3040663429,279.0,83.5523787812,33.0,30.3315017762,67.0,81.1480129147
Morningside,52,3326.0,438.047942582,349.0,153.424248409,227.0,145.996575303,92.0,92.6606712689,92.0,92.6606712689,0.0,20.0,135.0,112.716458425,0.0,20.0,0.0,20.0,0.0,20.0,135.0,112.716458425,135.0,112.716458425,0.0,20.0,122.0,61.6279157525,93.0,56.8066897469,79.0,52.1823725026,14.0,28.0000000001,29.0,27.2396769438,2977.0,440.57462478,2107.0,432.261494932,1528.0,365.487345882,1528.0,365.487345882,0.0,20.0,579.0,249.53156113,262.0,211.759297316,241.0,196.43319475,21.0,38.1575680566,317.0,155.624548192,311.0,152.744885348,6.0,20.0,870.0,192.836718495,708.0,134.573400047,583.0,124.631456704,125.0,55.6057550978,162.0,103.276328362
Mount Oliver Borough,53,3397.0,589.656679772,1186.0,424.159168237,887.0,419.755881435,355.0,314.660134113,355.0,314.660134113,0.0,20.0,532.0,296.094579485,35.0,44.5084261685,12.0,27.2213151776,23.0,39.9499687108,497.0,294.855897008,476.0,292.090739326,21.0,24.3310501212,299.0,119.27698856,245.0,100.448992031,211.0,94.4086860411,34.0,40.4103947023,54.0,48.342527861,2211.0,459.009803817,1804.0,459.184058956,851.0,351.101125034,843.0,349.548279927,8.0,21.0713075057,953.0,326.193194288,349.0,239.555839003,326.0,220.299795733,23.0,39.0512483795,604.0,228.41847561,586.0,225.015555018,18.0,20.7123151772,407.0,136.345150262,353.0,113.039815994,321.0,108.120303366,32.0,31.064449134,54.0,52.9244744896
Mount Washington,54,8736.0,630.477596748,1537.0,340.672863609,717.0,283.310783416,133.0,103.817146946,123.0,103.213371226,10.0,32.0156211872,584.0,271.459020848,244.0,209.121973977,174.0,153.163311534,70.0,66.9925368978,340.0,218.80356487,340.0,218.80356487,0.0,29.9999999999,820.0,200.529299605,569.0,146.751490623,443.0,134.595690867,126.0,68.461668107,251.0,111.467484048,7199.0,565.735804064,4054.0,538.823718855,2828.0,469.017057259,2828.0,469.017057259,0.0,29.9999999999,1226.0,338.656167816,302.0,165.523412242,286.0,156.757774926,16.0,37.094473982,924.0,294.314457681,861.0,277.034293905,63.0,47.6864760703,3145.0,391.198159505,2221.0,245.185643952,1557.0,217.644205068,664.0,151.555270447,924.0,246.018292003
Mt. Oliver,55,528,110,123,75,99,72,38,59,38,59,0,10,61,47,0,10,0,10,0,10,61,47,54,48,7,14,24,25,24,25,24,25,0,10,0,10,405,105,321,103,202,56,202,56,0,10,119,86,0,10,0,10,0,10,119,86,119,86,0,10,84,59,64,37,44,27,20,27,20,27
New Homestead,56,933,81,42,43,21,33,0,10,0,10,0,10,21,33,0,10,0,10,0,10,21,33,21,33,0,10,21,21,7,11,7,11,0,10,14,18,891,78,783,95,660,111,660,111,0,10,123,67,29,25,29,25,0,10,94,58,94,58,0,10,108,43,98,40,77,38,21,19,10,11
North Oakland,57,5326.0,513.932874994,2391.0,426.704816003,265.0,228.608836225,16.0,35.8329457344,16.0,35.8329457344,0.0,24.4948974278,249.0,227.107903869,20.0,39.8622628559,20.0,39.8622628559,0.0,24.4948974278,229.0,224.919985772,229.0,224.919985772,0.0,24.4948974278,2126.0,384.841525826,1121.0,172.371691412,545.0,131.799089527,576.0,145.958898324,1005.0,279.47092872,2935.0,376.514275958,1491.0,309.106777667,1190.0,264.471170452,1190.0,264.471170452,0.0,24.4948974278,301.0,187.755159716,196.0,176.623894193,196.0,176.623894193,0.0,24.4948974278,105.0,76.6420250255,105.0,76.6420250255,0.0,24.4948974278,1444.0,271.189970316,1204.0,211.220264179,1039.0,186.566342088,165.0,91.2633551871,240.0,114.236596588
North Shore,58,187.0,52.9528091795,8.0,16.4012194669,8.0,16.4012194669,8.0,16.4012194669,0.0,14.1421356237,8.0,16.4012194669,0.0,14.1421356237,0.0,14.1421356237,0.0,14.1421356237,0.0,14.1421356237,0.0,14.1421356237,0.0,14.1421356237,0.0,14.1421356237,0.0,14.1421356237,0.0,14.1421356237,0.0,14.1421356237,0.0,14.1421356237,0.0,14.1421356237,179.0,49.0306026885,45.0,43.1740662898,29.0,34.4818792991,29.0,34.4818792991,0.0,14.1421356237,16.0,25.079872408,0.0,14.1421356237,0.0,14.1421356237,0.0,14.1421356237,16.0,25.079872408,16.0,25.079872408,0.0,14.1421356237,134.0,47.0744091838,119.0,39.2937654088,108.0,36.4005494464,11.0,16.4012194669,15.0,19.7230829233
Northview Heights,59,1380,329,1116,327,1018,334,9,29,9,29,0,10,1009,336,58,68,58,68,0,10,951,330,892,319,59,36,98,55,71,40,48,35,23,22,27,23,264,74,220,76,66,58,66,58,0,10,154,89,15,23,15,23,0,10,139,86,122,83,17,28,44,24,29,20,29,20,0,10,15,15
Oakwood,60,1087,150,218,101,127,93,98,92,98,92,0,10,29,30,0,10,0,10,0,10,29,30,29,30,0,10,91,37,91,37,91,37,0,10,0,10,869,151,655,160,424,121,424,121,0,10,231,143,22,28,22,28,0,10,209,143,199,141,10,14,214,60,205,56,195,53,10,11,9,11
Overbrook,61,3659.0,366.897805935,458.0,152.197240448,296.0,137.032842779,51.0,59.8414572015,51.0,59.8414572015,0.0,22.360679775,245.0,126.58198924,122.0,82.5590697623,76.0,72.9794491621,46.0,44.6094160464,123.0,97.4166310237,116.0,97.0721381242,7.0,19.3390796058,162.0,75.6835517137,115.0,58.6685605754,73.0,44.3057558338,42.0,42.7200187266,47.0,50.7543101618,3201.0,359.521904757,2628.0,373.827500326,1945.0,318.541990952,1945.0,318.541990952,0.0,22.360679775,683.0,265.011320513,339.0,247.543935495,309.0,209.845181027,30.0,50.159744816,344.0,124.298028947,344.0,124.298028947,0.0,22.360679775,573.0,104.866581903,483.0,89.1515563521,400.0,78.9113426574,83.0,47.8016736109,90.0,46.4865571967
Perry North,62,4062.0,501.913339133,645.0,367.442512511,491.0,363.04958339,27.0,45.8257569496,27.0,45.8257569496,0.0,24.4948974278,464.0,361.261678012,251.0,327.108544675,189.0,238.069317636,62.0,92.7361849549,213.0,162.228234287,207.0,162.228234287,6.0,24.4948974278,154.0,61.3514466007,106.0,47.7807492616,89.0,43.8178046004,17.0,27.5680975042,48.0,29.3087017795,3417.0,413.770467771,2739.0,429.03962521,1859.0,377.53807755,1845.0,374.923992297,14.0,24.9198715887,880.0,302.274709495,322.0,165.45089906,275.0,142.999999999,47.0,41.8568990729,558.0,252.354908809,549.0,251.043820875,9.0,22.9128784748,678.0,121.445461011,564.0,98.8685996664,476.0,93.3273807626,88.0,38.8458491992,114.0,51.6817182377
Perry South,63,3295.0,450.973391676,1195.0,368.746525408,755.0,363.185902811,60.0,68.183575735,51.0,67.0298440995,9.0,27.4954541697,695.0,356.999999999,56.0,71.1125867902,56.0,71.1125867902,0.0,24.4948974278,639.0,354.947883498,614.0,351.805343905,25.0,34.0734500748,440.0,113.683771929,394.0,106.301458127,359.0,104.412642913,35.0,33.9263909074,46.0,36.9594372252,2100.0,347.913782424,1434.0,318.645571128,622.0,189.810431747,622.0,189.810431747,0.0,24.4948974278,812.0,269.885160763,61.0,52.0768662651,50.0,51.2640224719,11.0,30.0,751.0,263.480549567,740.0,261.193414925,11.0,27.4954541697,666.0,171.189952977,546.0,120.610944777,468.0,107.046718773,78.0,60.4483250388,120.0,81.5597940164
Point Breeze,64,5333.0,361.333640836,442.0,145.969174829,164.0,95.6974398821,47.0,56.2938717802,40.0,56.2938717802,7.0,26.4575131106,117.0,80.5853584716,14.0,34.292856399,14.0,34.292856399,0.0,26.4575131106,103.0,77.5757694128,98.0,77.1621668955,5.0,25.7681974535,278.0,110.131739294,193.0,79.2716847304,152.0,73.2939288072,41.0,32.4807635378,85.0,68.7749954562,4891.0,357.652065561,3885.0,374.62914996,3363.0,346.339428885,3357.0,347.181508724,6.0,26.0959767013,522.0,181.27051608,163.0,93.9627585802,152.0,87.8749110953,11.0,26.1725046567,359.0,155.916644397,330.0,145.389133019,29.0,33.7786915081,1006.0,179.008379692,754.0,128.370557372,552.0,119.205704561,202.0,65.8710862215,252.0,88.9831444713
Point Breeze North,65,1763.0,280.467466919,254.0,142.474559133,66.0,78.6701976609,0.0,17.3205080757,0.0,17.3205080757,0.0,17.3205080757,66.0,78.6701976609,0.0,17.3205080757,0.0,17.3205080757,0.0,17.3205080757,66.0,78.6701976609,66.0,78.6701976609,0.0,17.3205080757,188.0,119.791485507,137.0,111.274435519,126.0,110.657128103,11.0,22.8910462845,51.0,43.874821937,1509.0,278.992831449,878.0,271.016604658,648.0,215.84021868,648.0,215.84021868,0.0,17.3205080757,230.0,177.682300751,94.0,91.4658406183,87.0,88.0340843083,7.0,17.3205080757,136.0,152.413910127,124.0,145.674294232,12.0,22.8910462845,631.0,189.002645484,533.0,153.535012294,413.0,140.833234714,120.0,71.4072825417,98.0,72.6636084984
Polish Hill,66,1453.0,219.859045754,161.0,69.3108938047,33.0,35.4400902933,0.0,14.1421356237,0.0,14.1421356237,0.0,14.1421356237,33.0,35.4400902933,23.0,32.5729949498,23.0,32.5729949498,0.0,14.1421356237,10.0,18.8679622641,10.0,18.8679622641,0.0,14.1421356237,128.0,61.2209114601,49.0,34.9857113691,30.0,29.7321374946,19.0,20.591260282,79.0,50.9116882454,1292.0,210.237960416,685.0,184.133104031,346.0,120.370262108,346.0,120.370262108,0.0,14.1421356237,339.0,136.517398159,158.0,99.0201999594,158.0,99.0201999594,0.0,14.1421356237,181.0,116.468879964,168.0,113.877126764,13.0,15.6204993518,607.0,149.305056847,467.0,89.8053450525,313.0,70.8378429937,154.0,77.1751255263,140.0,82.328609851
Regent Square,67,1009,81,67,52,41,47,18,25,18,25,0,10,23,36,23,36,18,28,5,8,0,10,0,10,0,10,26,20,26,20,20,16,6,9,0,10,942,89,784,112,667,111,667,111,0,10,117,68,30,27,30,27,0,10,87,60,78,56,9,13,158,43,140,37,127,37,13,11,18,15
Ridgemont,68,277,98,47,59,37,57,0,10,0,10,0,10,37,57,0,10,0,10,0,10,37,57,37,57,0,10,10,16,10,16,0,10,10,16,0,10,230,81,107,70,107,70,94,59,13,21,0,10,0,10,0,10,0,10,0,10,0,10,0,10,123,63,100,55,87,49,13,19,23,20
Shadyside,69,12778.0,852.418911099,2579.0,403.892312381,288.0,204.399119373,239.0,199.18082237,239.0,199.18082237,0.0,37.4165738677,49.0,55.542776308,0.0,37.4165738677,0.0,37.4165738677,0.0,37.4165738677,49.0,55.542776308,49.0,55.542776308,0.0,37.4165738677,2291.0,362.598952011,1410.0,241.789164356,975.0,210.582525391,435.0,141.552110546,881.0,218.977167759,10199.0,775.738357952,4591.0,630.382423612,4193.0,605.155351956,4193.0,605.155351956,0.0,37.4165738677,398.0,228.416286635,26.0,54.5985347788,26.0,54.5985347788,0.0,37.4165738677,372.0,224.928877648,319.0,194.231820256,53.0,63.1822759957,5608.0,606.415699006,4183.0,345.895938109,3195.0,315.91612811,988.0,202.93348664,1425.0,403.908405459
Sheraden,70,4984.0,557.794765124,1128.0,352.191709158,868.0,339.063415897,58.0,68.7386354243,41.0,65.9090282131,17.0,32.0780298647,810.0,334.237939199,6.0,24.9198715887,0.0,24.4948974278,6.0,24.9198715887,804.0,334.0523911,735.0,305.576504333,69.0,61.1800621118,260.0,115.667627278,197.0,97.8059302905,188.0,96.5556834162,9.0,26.3818119165,63.0,61.8789140177,3856.0,525.930603787,3227.0,554.352775766,1858.0,475.846613943,1858.0,475.846613943,0.0,24.4948974278,1369.0,424.042450706,158.0,116.7261753,148.0,108.263567279,10.0,28.0891438104,1211.0,408.589035584,1151.0,393.546693545,60.0,55.0363516233,629.0,146.860478006,602.0,140.085688062,536.0,126.348723777,66.0,61.2045749924,27.0,35.3553390593
South Oakland,71,2991.0,498.782517737,1397.0,377.940471502,96.0,64.2417309854,14.0,29.5972971739,14.0,29.5972971739,0.0,20.0,82.0,58.6429876456,29.0,36.8374809128,21.0,35.5105618091,8.0,22.2710574513,53.0,47.518417482,32.0,42.7668095607,21.0,28.7923600978,1301.0,374.387499791,420.0,109.279458271,176.0,75.4254598926,244.0,89.1403387923,881.0,304.589888211,1594.0,351.451276851,884.0,298.62016007,519.0,281.994680801,508.0,278.368460858,11.0,22.2710574513,365.0,167.991071192,110.0,83.9642781188,110.0,83.9642781188,0.0,20.0,255.0,145.729200917,255.0,145.729200917,0.0,20.0,710.0,238.306525299,452.0,111.198021566,345.0,98.0663041008,107.0,62.2012861604,258.0,176.201589097
South Shore,72,12,14,0,10,0,10,0,10,0,10,0,10,0,10,0,10,0,10,0,10,0,10,0,10,0,10,0,10,0,10,0,10,0,10,0,10,12,14,0,10,0,10,0,10,0,10,0,10,0,10,0,10,0,10,0,10,0,10,0,10,12,14,8,9,4,6,4,6,4,6
South Side Flats,73,6726.0,875.010857075,1732.0,648.056324712,135.0,145.223964964,0.0,24.4948974278,0.0,24.4948974278,0.0,24.4948974278,135.0,145.223964964,81.0,129.938446966,81.0,129.938446966,0.0,24.4948974278,54.0,65.3375848957,22.0,43.2319326425,32.0,54.7722557505,1597.0,637.018838026,614.0,175.18846994,305.0,123.130012588,309.0,129.780584064,983.0,549.551635428,4994.0,591.109126981,2262.0,542.296966616,1631.0,428.939389658,1631.0,428.939389658,0.0,24.4948974278,631.0,354.58426361,304.0,285.490805457,265.0,278.856593969,39.0,65.9090282131,327.0,188.682272617,327.0,188.682272617,0.0,24.4948974278,2732.0,379.959208337,1938.0,245.179526061,1361.0,205.039020677,577.0,158.955968746,794.0,233.822582313
South Side Slopes,74,4664.0,602.570327846,1264.0,418.371844177,548.0,288.364352859,98.0,149.097283677,98.0,149.097283677,0.0,26.4575131106,450.0,247.866899767,20.0,40.2988833592,0.0,26.4575131106,20.0,40.2988833592,430.0,245.43430893,425.0,244.748850865,5.0,25.7681974535,716.0,289.031140191,302.0,102.844542879,136.0,63.4822809924,166.0,80.5357063669,414.0,219.613296501,3400.0,469.82549952,2161.0,450.006666618,1065.0,316.783837972,1065.0,316.783837972,0.0,26.4575131106,1096.0,357.900824251,534.0,292.832716751,482.0,275.940210915,52.0,43.783558558,562.0,216.974652897,549.0,214.82551059,13.0,32.9241552664,1239.0,216.568695799,835.0,143.16074881,602.0,130.99618315,233.0,75.3392328073,404.0,134.205066969
Spring Garden,75,777.0,135.074053763,108.0,59.2030404625,45.0,49.2036584006,0.0,14.1421356237,0.0,14.1421356237,0.0,14.1421356237,45.0,49.2036584006,0.0,14.1421356237,0.0,14.1421356237,0.0,14.1421356237,45.0,49.2036584006,40.0,50.0,5.0,14.1421356237,63.0,37.5366487582,63.0,37.5366487582,45.0,26.9258240357,18.0,27.8567765544,0.0,14.1421356237,669.0,123.987902636,490.0,111.946415753,321.0,114.621114983,321.0,114.621114983,0.0,14.1421356237,169.0,119.079805173,43.0,52.8393792545,38.0,49.040799341,5.0,13.4536240471,126.0,109.590145542,126.0,109.590145542,0.0,14.1421356237,179.0,61.5223536611,138.0,49.040799341,121.0,49.040799341,17.0,18.8679622641,41.0,36.6742416418
Spring Hill-City View,76,2381.0,472.696519979,786.0,425.523207357,749.0,424.135591527,33.0,39.3064880141,33.0,39.3064880141,0.0,17.3205080757,716.0,422.499704142,29.0,48.1248376621,29.0,48.1248376621,0.0,17.3205080757,687.0,421.45699662,682.0,420.544884644,5.0,16.7630546143,37.0,34.4963766213,36.0,34.4963766213,36.0,34.4963766213,0.0,17.3205080757,1.0,14.4568322948,1595.0,292.781488486,1074.0,264.62993028,695.0,205.866461572,695.0,205.866461572,0.0,17.3205080757,379.0,224.29890771,34.0,56.789083458,34.0,56.789083458,0.0,17.3205080757,345.0,217.680959204,345.0,217.680959204,0.0,17.3205080757,521.0,171.0,431.0,139.660302162,352.0,129.414064151,79.0,52.2398315464,90.0,58.4893152635
Squirrel Hill North,77,8281.0,678.819563654,1138.0,288.223871322,354.0,190.730175902,160.0,130.069212345,144.0,128.035151424,16.0,39.0512483796,194.0,141.894326878,0.0,31.6227766016,0.0,31.6227766016,0.0,31.6227766016,194.0,141.894326878,194.0,141.894326878,0.0,31.6227766016,784.0,227.204753472,380.0,94.9157521174,137.0,56.3648826842,243.0,79.1075217663,404.0,156.294593636,7143.0,661.875365911,5653.0,662.13291717,5355.0,672.496840141,5355.0,672.496840141,0.0,31.6227766016,298.0,131.415372008,55.0,67.88961629,55.0,67.88961629,0.0,31.6227766016,243.0,116.167981819,235.0,112.88489713,8.0,32.6955654485,1490.0,302.582220231,1023.0,157.619795711,785.0,137.098504733,238.0,89.5321171425,467.0,207.243817761
Squirrel Hill South,78,14915.0,870.19710411,2242.0,500.561684511,649.0,342.324407542,478.0,285.429500928,453.0,283.190748437,25.0,48.8773976395,171.0,184.048906545,58.0,78.006409993,30.0,55.9999999999,28.0,45.6727489867,113.0,170.554976475,113.0,170.554976475,0.0,36.0555127546,1593.0,383.635243427,882.0,201.739931595,555.0,167.343957167,327.0,121.280666226,711.0,253.485699793,12673.0,796.169579927,9409.0,808.88070814,8506.0,802.986923928,8461.0,798.620685933,45.0,58.6515131945,903.0,320.460606002,239.0,162.033947061,223.0,160.555286427,16.0,42.1426150115,664.0,282.223315832,651.0,278.822524196,13.0,40.0,3264.0,377.551321015,2582.0,293.107488816,2126.0,269.460572254,456.0,124.112851872,682.0,182.460954726
St. Clair,79,301,92,74,76,68,76,0,10,0,10,0,10,68,76,0,10,0,10,0,10,68,76,68,76,0,10,6,8,2,6,0,10,2,6,4,6,227,80,167,78,88,63,88,63,0,10,79,74,0,10,0,10,0,10,79,74,79,74,0,10,60,40,43,30,28,24,15,18,17,18
Stanton Heights,80,5010.0,495.334230596,835.0,289.089951399,733.0,283.215465679,300.0,146.420626962,265.0,143.586211038,35.0,34.6554469024,433.0,237.800336417,70.0,65.3375848957,70.0,65.3375848957,0.0,20.0,363.0,231.062762037,363.0,231.062762037,0.0,20.0,102.0,45.5411901469,88.0,42.2965719651,88.0,42.2965719651,0.0,20.0,14.0,20.7123151772,4175.0,486.162524265,3435.0,512.067378379,2551.0,452.351633135,2551.0,452.351633135,0.0,20.0,884.0,279.229296458,177.0,187.469997599,149.0,152.092077374,28.0,44.5084261685,707.0,235.061694029,652.0,202.990147544,55.0,52.3067873225,740.0,134.26838794,676.0,118.73078792,606.0,114.512008104,70.0,41.0974451761,64.0,39.9624824053
Strip District,81,689,109,33,28,0,10,0,10,0,10,0,10,0,10,0,10,0,10,0,10,0,10,0,10,0,10,33,28,20,19,20,19,0,10,13,20,656,109,299,106,267,94,267,94,0,10,32,48,0,10,0,10,0,10,32,48,32,48,0,10,357,76,322,69,275,71,47,32,35,24
Summer Hill,82,1168,88,81,52,35,45,29,44,29,44,0,10,6,11,6,11,0,10,6,11,0,10,0,10,0,10,46,30,21,23,21,23,0,10,25,21,1087,83,832,107,555,125,549,122,6,11,277,116,57,48,57,48,0,10,220,112,220,112,0,10,255,56,222,43,166,43,56,30,33,25
Swisshelm Park,83,1286,99,51,28,27,24,0,10,0,10,0,10,27,24,0,10,0,10,0,10,27,24,21,23,6,9,24,14,20,15,20,15,0,10,4,6,1235,98,985,90,870,95,870,95,0,10,115,93,0,10,0,10,0,10,115,93,110,91,5,8,250,84,218,58,190,54,28,36,32,40
Terrace Village,84,1632.0,218.883530673,948.0,210.223690387,538.0,187.941480254,29.0,43.3704968844,29.0,43.3704968844,0.0,17.3205080757,509.0,183.548358751,35.0,30.3315017762,35.0,30.3315017762,0.0,17.3205080757,474.0,184.94864152,460.0,180.637759065,14.0,20.4939015319,410.0,104.814121186,368.0,93.2255329832,335.0,93.2255329832,33.0,26.0384331326,42.0,41.4849370254,684.0,174.275643738,415.0,151.963811481,33.0,53.8887743412,33.0,53.8887743412,0.0,17.3205080757,382.0,142.709495129,29.0,50.0399840128,20.0,35.902646142,9.0,20.6155281281,353.0,132.687603038,348.0,131.867357598,5.0,16.7630546143,269.0,77.1880819816,231.0,68.8839603972,207.0,68.337398253,24.0,25.3179778023,38.0,29.2232783924
Troy Hill,85,2401.0,349.161853587,332.0,145.0965196,146.0,105.550935571,36.0,55.9016994375,36.0,55.9016994375,0.0,14.1421356237,110.0,90.9065454189,25.0,27.7848879789,16.0,26.0,9.0,17.2046505341,85.0,86.0523096727,85.0,86.0523096727,0.0,14.1421356237,186.0,88.8144132447,136.0,80.2620707433,136.0,80.2620707433,0.0,14.1421356237,50.0,36.235341864,2069.0,322.684056005,1577.0,311.770749109,1061.0,284.763059402,1061.0,284.763059402,0.0,14.1421356237,516.0,295.736369086,239.0,195.869854751,233.0,194.879449917,6.0,14.1421356237,277.0,227.694971398,271.0,226.715680975,6.0,14.8660687473,492.0,123.405834546,444.0,114.039466852,367.0,112.071405809,77.0,38.2099463491,48.0,31.1448230048
Upper Hill,86,1929.0,303.456751449,528.0,223.593380939,378.0,197.668915108,23.0,41.4849370254,0.0,17.3205080757,23.0,41.4849370254,355.0,193.71628739,36.0,56.789083458,36.0,56.789083458,0.0,17.3205080757,319.0,186.134360073,304.0,172.505072389,15.0,30.4795013082,150.0,109.55363983,80.0,42.5323406363,73.0,44.1588043316,7.0,17.3205080757,70.0,101.212647431,1401.0,247.566152775,1037.0,256.454674358,416.0,165.10905487,396.0,151.462866736,20.0,36.823905279,621.0,235.855888203,38.0,61.6441400297,38.0,61.6441400297,0.0,17.3205080757,583.0,229.878228635,583.0,229.878228635,0.0,17.3205080757,364.0,108.894444303,354.0,104.966661374,329.0,98.0663041008,25.0,32.0156211872,10.0,20.6155281281
Upper Lawrenceville,87,2813.0,426.959014426,687.0,302.881164816,464.0,294.107123341,65.0,79.0822356791,65.0,79.0822356791,0.0,17.3205080757,399.0,279.846386434,170.0,161.857962424,148.0,160.390149323,22.0,27.4408454681,229.0,226.108381092,229.0,226.108381092,0.0,17.3205080757,223.0,137.01824696,126.0,67.2978454336,99.0,59.7159945073,27.0,32.3882694814,97.0,94.3927963353,2126.0,368.803470699,1426.0,357.973462704,1004.0,332.930923766,1004.0,332.930923766,0.0,17.3205080757,422.0,193.816923926,278.0,169.0,265.0,158.322455767,13.0,24.4948974278,144.0,107.196082018,136.0,105.351791632,8.0,19.8997487421,700.0,180.363521811,511.0,120.706255016,389.0,116.589021782,122.0,70.0071424927,189.0,103.85566908
West End,88,275,141,53,50,0,10,0,10,0,10,0,10,0,10,0,10,0,10,0,10,0,10,0,10,0,10,53,50,42,47,14,15,28,45,11,18,222,110,166,92,84,106,84,106,0,10,82,83,55,78,55,78,0,10,27,40,27,40,0,10,56,55,21,19,12,13,9,15,35,56
West Oakland,89,1317.0,264.024620064,623.0,222.029277349,276.0,143.349223925,12.0,20.591260282,12.0,20.591260282,0.0,14.1421356237,264.0,144.346804606,101.0,150.332963784,70.0,104.479663093,31.0,48.0520551069,163.0,96.5194280961,145.0,95.5248658727,18.0,22.360679775,347.0,176.819116614,164.0,57.2800139665,106.0,40.7062648741,58.0,39.0,183.0,138.079687138,694.0,175.855053951,525.0,176.819116614,118.0,66.0681466366,118.0,66.0681466366,0.0,14.1421356237,407.0,160.863296,20.0,31.6227766017,20.0,31.6227766017,0.0,14.1421356237,387.0,156.400127877,374.0,153.48289807,13.0,22.360679775,169.0,64.0312423743,131.0,52.4785670536,95.0,45.8039299624,36.0,26.0,38.0,35.4682957019
Westwood,90,3550.0,395.202479749,558.0,240.187426815,502.0,236.603043091,438.0,232.441390462,438.0,232.441390462,0.0,14.1421356237,64.0,53.0754180389,17.0,28.7923600978,17.0,28.7923600978,0.0,14.1421356237,47.0,44.4072066223,41.0,44.4072066223,6.0,15.6204993518,56.0,35.4682957019,47.0,32.5269119346,47.0,32.5269119346,0.0,14.1421356237,9.0,18.0277563773,2992.0,358.263869236,2389.0,391.400051099,1727.0,379.511528152,1727.0,379.511528152,0.0,14.1421356237,662.0,260.311352038,190.0,122.711042698,176.0,111.328343202,14.0,22.360679775,472.0,215.418197931,458.0,206.828431314,14.0,25.079872408,603.0,127.914033632,534.0,115.256236274,462.0,112.929181348,72.0,37.483329628,69.0,36.7967389859
Windgap,91,1617.0,325.886483304,147.0,147.091808066,94.0,143.349223925,0.0,14.1421356237,0.0,14.1421356237,0.0,14.1421356237,94.0,143.349223925,0.0,14.1421356237,0.0,14.1421356237,0.0,14.1421356237,94.0,143.349223925,94.0,143.349223925,0.0,14.1421356237,53.0,33.1058907145,45.0,29.5296461205,45.0,29.5296461205,0.0,14.1421356237,8.0,18.8679622641,1470.0,314.006369362,1197.0,317.984276341,799.0,269.358497174,799.0,269.358497174,0.0,14.1421356237,398.0,225.470618928,217.0,177.792013319,186.0,148.246416483,31.0,34.9857113691,181.0,151.907866814,178.0,151.907866814,3.0,12.8062484749,273.0,93.4719209175,228.0,77.6981338257,190.0,74.3303437366,38.0,28.7923600978,45.0,35.4400902933
